True,2024-08-25,08:29:51,9,34.53,56.49,42.14,2150.55,0.0,937,669.44,17.677437° E,77.603857° N,Moderate,Poor air quality with low light and dense clouds; staying might be uncomfortable.,1,8.58,248,2024-08-25 00:34:31,2024-08-25 13:09:13,100
True,2024-08-25,08:29:58,9,34.56,57.01,42.44,12.04,0.0,936,678.31,17.677455° E,77.603847° N,Moderate,Poor air quality with low light and dense clouds; staying might be uncomfortable.,1,8.87,247,2024-08-25 00:34:31,2024-08-25 13:09:13,100
True,2024-08-25,08:30:04,7,34.53,56.25,42.04,742.88,0.0,937,669.44,17.677489° E,77.604249° N,Moderate,Poor air quality with low light and dense clouds; staying might be uncomfortable.,1,8.87,247,2024-08-25 00:34:31,2024-08-25 13:09:13,100
True,2024-08-25,08:30:15,9,34.49,57.18,42.32,1281.91,0.0,937,669.44,17.677595° E,77.604385° N,Moderate,Poor air quality with low light and dense clouds; staying might be uncomfortable.,1,8.58,248,2024-08-25 00:34:31,2024-08-25 13:09:13,100
True,2024-08-25,08:30:25,9,34.48,57.96,42.63,1079.56,0.0,937,669.44,17.677597° E,77.604475° N,Moderate,Poor air quality with low light and dense clouds; staying might be uncomfortable.,1,8.87,247,2024-08-25 00:34:31,2024-08-25 13:09:13,100
True,2024-08-25,08:30:31,9,34.48,58.17,42.72,483.85,0.0,937,669.44,17.676572° E,77.605251° N,Moderate,Poor air quality with low light and dense clouds; staying might be uncomfortable.,1,8.59,249,2024-08-25 00:34:31,2024-08-25 13:09:12,100
True,2024-08-25,08:30:37,9,34.48,57.71,42.52,437.86,0.0,937,669.44,17.676583° E,77.605359° N,Moderate,Poor air quality with low light and dense clouds; staying might be uncomfortable.,1,8.59,249,2024-08-25 00:34:31,2024-08-25 13:09:12,100
True,2024-08-25,08:30:43,12,34.44,57.56,42.35,361.45,0.0,937,669.44,17.676593° E,77.605518° N,Moderate,Poor air quality with low light and dense clouds; staying might be uncomfortable.,1,8.59,249,2024-08-25 00:34:31,2024-08-25 13:09:12,100
True,2024-08-25,08:30:49,13,34.45,57.15,42.2,415.5,0.0,937,669.44,17.676633° E,77.605606° N,Moderate,Poor air quality with low light and dense clouds; staying might be uncomfortable.,1,8.59,249,2024-08-25 00:34:31,2024-08-25 13:09:12,100
True,2024-08-25,08:30:55,12,34.45,57.35,42.29,479.56,0.0,937,669.44,17.676685° E,77.605674° N,Moderate,Poor air quality with low light and dense clouds; staying might be uncomfortable.,1,8.59,249,2024-08-25 00:34:31,2024-08-25 13:09:12,100
True,2024-08-25,08:31:06,14,34.41,57.8,42.37,482.77,0.0,937,669.44,17.676816° E,77.605734° N,Moderate,Poor air quality with low light and dense clouds; staying might be uncomfortable.,1,8.59,249,2024-08-25 00:34:31,2024-08-25 13:09:12,100
True,2024-08-25,08:31:12,13,34.39,58.11,42.45,450.67,0.0,937,669.44,17.676895° E,77.605736° N,Moderate,Poor air quality with low light and dense clouds; staying might be uncomfortable.,1,8.59,249,2024-08-25 00:34:31,2024-08-25 13:09:12,100
True,2024-08-25,08:31:18,15,34.39,58.45,42.59,419.75,0.0,937,669.44,17.676977° E,77.605721° N,Moderate,Poor air quality with low light and dense clouds; staying might be uncomfortable.,1,8.59,249,2024-08-25 00:34:31,2024-08-25 13:09:12,100
True,2024-08-25,08:31:24,15,34.38,58.76,42.7,2064.84,0.0,937,669.44,17.677058° E,77.605704° N,Moderate,Poor air quality with low light and dense clouds; staying might be uncomfortable.,1,8.59,249,2024-08-25 00:34:31,2024-08-25 13:09:12,100
True,2024-08-25,08:31:30,15,34.41,58.77,42.79,2033.1,0.0,937,669.44,17.677118° E,77.605695° N,Moderate,Poor air quality with low light and dense clouds; staying might be uncomfortable.,1,8.59,249,2024-08-25 00:34:31,2024-08-25 13:09:12,100
True,2024-08-25,08:31:35,14,34.42,58.86,42.85,2011.17,0.0,937,669.44,17.677161° E,77.605688° N,Moderate,Poor air quality with low light and dense clouds; staying might be uncomfortable.,1,8.59,249,2024-08-25 00:34:31,2024-08-25 13:09:12,100
True,2024-08-25,08:31:41,15,34.41,58.72,42.77,1985.62,0.0,937,669.44,17.677210° E,77.605677° N,Moderate,Poor air quality with low light and dense clouds; staying might be uncomfortable.,1,8.59,249,2024-08-25 00:34:31,2024-08-25 13:09:12,100
True,2024-08-25,08:31:48,18,34.34,58.62,42.53,128.59,0.0,937,669.44,17.677319° E,77.605655° N,Moderate,Poor air quality with low light and dense clouds; staying might be uncomfortable.,1,8.59,249,2024-08-25 00:34:31,2024-08-25 13:09:12,100
True,2024-08-25,08:32:00,18,34.33,58.79,42.57,125.52,0.0,937,669.44,17.677474° E,77.605625° N,Moderate,Poor air quality with low light and dense clouds; staying might be uncomfortable.,1,8.59,249,2024-08-25 00:34:31,2024-08-25 13:09:12,100
True,2024-08-25,08:32:06,18,34.34,58.82,42.62,123.48,0.0,937,669.44,17.677520° E,77.605619° N,Moderate,Poor air quality with low light and dense clouds; staying might be uncomfortable.,1,8.59,249,2024-08-25 00:34:31,2024-08-25 13:09:12,100
True,2024-08-25,08:32:11,18,34.32,58.84,42.57,121.43,0.0,937,669.44,17.677560° E,77.605613° N,Moderate,Poor air quality with low light and dense clouds; staying might be uncomfortable.,1,8.59,249,2024-08-25 00:34:31,2024-08-25 13:09:12,100
True,2024-08-25,08:32:17,18,34.25,59.04,42.46,172.7,0.0,937,669.44,17.677607° E,77.605607° N,Moderate,Poor air quality with low light and dense clouds; staying might be uncomfortable.,1,8.59,249,2024-08-25 00:34:31,2024-08-25 13:09:12,100
True,2024-08-25,08:32:23,18,34.24,58.73,42.3,684.55,0.0,937,669.44,17.677660° E,77.605580° N,Moderate,Poor air quality with low light and dense clouds; staying might be uncomfortable.,1,8.59,249,2024-08-25 00:34:31,2024-08-25 13:09:12,100
True,2024-08-25,08:32:28,17,34.18,58.4,42.0,387.9,0.0,937,669.44,17.677691° E,77.605555° N,Moderate,Poor air quality with low light and dense clouds; staying might be uncomfortable.,1,8.59,249,2024-08-25 00:34:31,2024-08-25 13:09:12,100
True,2024-08-25,08:32:34,17,34.21,58.61,42.17,391.08,0.0,937,669.44,17.677721° E,77.605455° N,Moderate,Poor air quality with low light and dense clouds; staying might be uncomfortable.,1,8.59,249,2024-08-25 00:34:31,2024-08-25 13:09:12,100
True,2024-08-25,08:34:26,17,34.09,59.53,42.23,557.08,0.0,937,669.44,17.678072° E,77.605748° N,Moderate,Poor air quality with low light and dense clouds; staying might be uncomfortable.,1,8.59,249,2024-08-25 00:34:31,2024-08-25 13:09:12,100
True,2024-08-25,08:34:32,17,34.13,58.95,42.09,714.22,0.0,937,669.44,17.678081° E,77.605757° N,Moderate,Poor air quality with low light and dense clouds; staying might be uncomfortable.,1,8.59,249,2024-08-25 00:34:31,2024-08-25 13:09:12,100
True,2024-08-25,08:34:38,19,34.08,59.21,42.07,798.23,0.0,937,669.44,17.678086° E,77.605766° N,Moderate,Poor air quality with low light and dense clouds; staying might be uncomfortable.,1,8.59,249,2024-08-25 00:34:31,2024-08-25 13:09:12,100
True,2024-08-25,08:34:44,19,34.12,59.65,42.36,843.85,0.0,937,669.44,17.678091° E,77.605773° N,Moderate,Poor air quality with low light and dense clouds; staying might be uncomfortable.,1,8.59,249,2024-08-25 00:34:31,2024-08-25 13:09:12,100
True,2024-08-25,08:34:49,19,34.1,60.04,42.47,953.73,0.0,937,669.44,17.678096° E,77.605781° N,Moderate,Poor air quality with low light and dense clouds; staying might be uncomfortable.,1,8.59,249,2024-08-25 00:34:31,2024-08-25 13:09:12,100
True,2024-08-25,08:34:55,18,34.09,60.05,42.45,1084.12,0.0,937,669.44,17.678100° E,77.605790° N,Moderate,Poor air quality with low light and dense clouds; staying might be uncomfortable.,1,8.59,249,2024-08-25 00:34:31,2024-08-25 13:09:12,100
True,2024-08-25,08:35:01,18,34.09,59.95,42.41,1204.48,0.0,937,669.44,17.678102° E,77.605797° N,Moderate,Poor air quality with low light and dense clouds; staying might be uncomfortable.,1,8.91,248,2024-08-25 00:34:31,2024-08-25 13:09:12,100
True,2024-08-25,08:35:11,18,34.12,59.93,42.48,1419.44,0.0,937,669.44,17.678108° E,77.605808° N,Moderate,Poor air quality with low light and dense clouds; staying might be uncomfortable.,1,8.91,248,2024-08-25 00:34:31,2024-08-25 13:09:12,100
True,2024-08-25,08:35:17,17,34.09,59.96,42.41,1003.44,0.0,936,678.31,17.678111° E,77.605812° N,Moderate,Poor air quality with low light and dense clouds; staying might be uncomfortable.,1,8.91,248,2024-08-25 00:34:31,2024-08-25 13:09:12,100
True,2024-08-25,08:35:23,18,34.07,59.99,42.37,1462.86,0.0,936,678.31,17.678119° E,77.605817° N,Moderate,Poor air quality with low light and dense clouds; staying might be uncomfortable.,1,8.91,248,2024-08-25 00:34:31,2024-08-25 13:09:12,100
True,2024-08-25,08:35:29,18,34.08,59.44,42.16,2517.29,0.0,937,669.44,17.678124° E,77.605822° N,Moderate,Poor air quality with low light and dense clouds; staying might be uncomfortable.,1,8.91,248,2024-08-25 00:34:31,2024-08-25 13:09:12,100
True,2024-08-25,08:35:35,18,34.08,59.39,42.14,2541.06,0.0,936,678.31,17.678128° E,77.605830° N,Moderate,Poor air quality with low light and dense clouds; staying might be uncomfortable.,1,8.91,248,2024-08-25 00:34:31,2024-08-25 13:09:12,100
True,2024-08-25,08:35:41,18,34.1,59.49,42.24,2451.13,0.0,937,669.44,17.678130° E,77.605836° N,Moderate,Poor air quality with low light and dense clouds; staying might be uncomfortable.,1,8.91,248,2024-08-25 00:34:31,2024-08-25 13:09:12,100
                                                                                                                                                                                                                                                                                                                                                                                                                                                                                                                                                                                                                                                                                                                                                                                                                                                                                                                                                                                                      True,2024-08-25,08:47:34,6,34.26,58.9,42.43,46.28,0.0,936,678.31,17.676222° E,77.604858° N,Moderate,Nighttime with low light and cold temperature; staying might be uncomfortable.,1,8.91,248,2024-08-25 00:34:31,2024-08-25 13:09:12,100
True,2024-08-25,08:47:46,9,34.23,59.0,42.39,48.3,0.0,936,678.31,17.677491° E,77.605228° N,Moderate,Nighttime with low light and cold temperature; staying might be uncomfortable.,1,8.91,248,2024-08-25 00:34:31,2024-08-25 13:09:12,100
True,2024-08-25,08:47:52,8,34.2,59.02,42.31,47.29,0.0,936,678.31,17.677547° E,77.605319° N,Moderate,Nighttime with low light and cold temperature; staying might be uncomfortable.,1,8.91,248,2024-08-25 00:34:31,2024-08-25 13:09:12,100
True,2024-08-25,08:47:58,8,34.2,59.04,42.32,47.29,0.0,936,678.31,17.677591° E,77.606243° N,Moderate,Nighttime with low light and cold temperature; staying might be uncomfortable.,1,8.91,248,2024-08-25 00:34:31,2024-08-25 13:09:12,100
True,2024-08-25,08:48:04,9,34.21,59.07,42.36,47.29,0.0,936,678.31,17.677664° E,77.606307° N,Moderate,Nighttime with low light and cold temperature; staying might be uncomfortable.,1,8.91,248,2024-08-25 00:34:31,2024-08-25 13:09:12,100
True,2024-08-25,08:48:10,8,34.17,59.09,42.26,48.3,0.0,936,678.31,17.677742° E,77.606040° N,Moderate,Nighttime with low light and cold temperature; staying might be uncomfortable.,1,8.91,248,2024-08-25 00:34:31,2024-08-25 13:09:12,100
True,2024-08-25,08:48:27,8,34.15,59.14,42.23,46.28,0.0,936,678.31,17.677910° E,77.604443° N,Moderate,Nighttime with low light and cold temperature; staying might be uncomfortable.,1,8.91,248,2024-08-25 00:34:31,2024-08-25 13:09:12,100
True,2024-08-25,08:48:33,7,34.2,59.17,42.38,46.28,0.0,936,678.31,17.677771° E,77.604068° N,Moderate,Nighttime with low light and cold temperature; staying might be uncomfortable.,1,8.91,248,2024-08-25 00:34:31,2024-08-25 13:09:13,100
True,2024-08-25,08:48:39,9,34.17,59.18,42.3,45.27,0.0,936,678.31,17.677582° E,77.603825° N,Moderate,Nighttime with low light and cold temperature; staying might be uncomfortable.,1,8.91,248,2024-08-25 00:34:31,2024-08-25 13:09:13,100
True,2024-08-25,08:52:23,5,34.08,59.17,42.05,45.27,0.0,936,678.31,17.676689° E,77.602941° N,Moderate,Poor air quality with low light and dense clouds; staying might be uncomfortable.,1,8.59,249,2024-08-25 00:34:32,2024-08-25 13:09:13,100
True,2024-08-25,08:52:29,5,34.11,59.15,42.12,48.3,0.0,936,678.31,17.676723° E,77.602869° N,Moderate,Poor air quality with low light and dense clouds; staying might be uncomfortable.,1,8.59,249,2024-08-25 00:34:32,2024-08-25 13:09:13,100
True,2024-08-25,08:52:34,5,34.09,59.17,42.08,49.31,0.0,936,678.31,17.676725° E,77.602768° N,Moderate,Poor air quality with low light and dense clouds; staying might be uncomfortable.,1,8.59,249,2024-08-25 00:34:32,2024-08-25 13:09:13,100
True,2024-08-25,08:52:40,5,34.06,59.19,42.0,49.31,0.0,936,678.31,17.676714° E,77.602731° N,Moderate,Poor air quality with low light and dense clouds; staying might be uncomfortable.,1,8.59,249,2024-08-25 00:34:32,2024-08-25 13:09:13,100
True,2024-08-25,08:52:46,5,34.1,59.19,42.11,49.31,0.0,936,678.31,17.676732° E,77.602694° N,Moderate,Poor air quality with low light and dense clouds; staying might be uncomfortable.,1,8.59,249,2024-08-25 00:34:32,2024-08-25 13:09:13,100
True,2024-08-25,08:52:58,5,34.14,59.19,42.22,50.32,0.0,936,678.31,17.676801° E,77.602474° N,Moderate,Poor air quality with low light and dense clouds; staying might be uncomfortable.,1,8.59,249,2024-08-25 00:34:32,2024-08-25 13:09:13,100
True,2024-08-25,08:53:04,5,34.06,59.18,42.0,50.32,0.0,936,678.31,17.676832° E,77.602411° N,Moderate,Poor air quality with low light and dense clouds; staying might be uncomfortable.,1,8.59,249,2024-08-25 00:34:32,2024-08-25 13:09:13,100
True,2024-08-25,08:53:09,5,34.07,59.25,42.06,50.32,0.0,936,678.31,17.676864° E,77.602408° N,Moderate,Poor air quality with low light and dense clouds; staying might be uncomfortable.,1,8.59,249,2024-08-25 00:34:32,2024-08-25 13:09:13,100
True,2024-08-25,08:53:16,5,34.04,59.24,41.97,40.22,0.0,936,678.31,17.676891° E,77.602434° N,Moderate,Poor air quality with low light and dense clouds; staying might be uncomfortable.,1,8.59,249,2024-08-25 00:34:32,2024-08-25 13:09:13,100
True,2024-08-25,08:53:22,5,34.05,59.22,41.99,43.25,0.0,936,678.31,17.676936° E,77.602465° N,Moderate,Poor air quality with low light and dense clouds; staying might be uncomfortable.,1,8.59,249,2024-08-25 00:34:32,2024-08-25 13:09:13,100
True,2024-08-25,08:53:28,5,34.01,59.25,41.89,78.67,0.0,936,678.31,17.676965° E,77.602486° N,Moderate,Poor air quality with low light and dense clouds; staying might be uncomfortable.,1,8.59,249,2024-08-25 00:34:32,2024-08-25 13:09:13,100
True,2024-08-25,08:53:34,5,34.02,59.26,41.92,78.67,0.0,936,678.31,17.676945° E,77.602464° N,Moderate,Poor air quality with low light and dense clouds; staying might be uncomfortable.,1,8.59,249,2024-08-25 00:34:32,2024-08-25 13:09:13,100
True,2024-08-25,08:53:39,6,34.02,59.3,41.94,78.67,0.0,936,678.31,17.676959° E,77.602439° N,Moderate,Poor air quality with low light and dense clouds; staying might be uncomfortable.,1,8.59,249,2024-08-25 00:34:32,2024-08-25 13:09:13,100
True,2024-08-25,08:53:45,7,34.04,59.34,42.01,77.66,0.0,936,678.31,17.676977° E,77.602423° N,Moderate,Poor air quality with low light and dense clouds; staying might be uncomfortable.,1,8.59,249,2024-08-25 00:34:32,2024-08-25 13:09:13,100
True,2024-08-25,08:53:51,8,33.99,59.35,41.88,77.66,0.0,936,678.31,17.676971° E,77.602436° N,Moderate,Poor air quality with low light and dense clouds; staying might be uncomfortable.,1,8.59,249,2024-08-25 00:34:32,2024-08-25 13:09:13,100
True,2024-08-25,08:54:00,8,34.03,59.36,41.99,77.66,0.0,936,678.31,17.676986° E,77.602475° N,Moderate,Poor air quality with low light and dense clouds; staying might be uncomfortable.,1,8.59,249,2024-08-25 00:34:32,2024-08-25 13:09:13,100
True,2024-08-25,08:54:07,8,34.04,59.38,42.03,77.66,0.0,936,678.31,17.676962° E,77.602437° N,Moderate,Poor air quality with low light and dense clouds; staying might be uncomfortable.,1,8.59,249,2024-08-25 00:34:32,2024-08-25 13:09:13,100
True,2024-08-25,08:54:12,8,34.05,59.42,42.07,2040.42,0.0,936,678.31,17.676954° E,77.602410° N,Moderate,Poor air quality with low light and dense clouds; staying might be uncomfortable.,1,8.59,249,2024-08-25 00:34:32,2024-08-25 13:09:13,100
True,2024-08-25,09:00:25,12,33.95,59.37,41.78,39.21,0.0,936,678.31,17.677203° E,77.602946° N,Moderate,Poor air quality with low light and dense clouds; staying might be uncomfortable.,1,8.91,248,2024-08-25 00:34:32,2024-08-25 13:09:13,100
True,2024-08-25,09:00:31,12,33.98,59.4,41.87,38.2,0.0,936,678.31,17.677262° E,77.603031° N,Moderate,Poor air quality with low light and dense clouds; staying might be uncomfortable.,1,8.59,249,2024-08-25 00:34:32,2024-08-25 13:09:13,100
True,2024-08-25,09:00:37,10,33.97,59.39,41.84,38.2,0.0,936,678.31,17.677304° E,77.603137° N,Moderate,Poor air quality with low light and dense clouds; staying might be uncomfortable.,1,8.59,249,2024-08-25 00:34:32,2024-08-25 13:09:13,100
True,2024-08-25,09:00:43,10,33.94,59.37,41.75,2588.68,0.0,936,678.31,17.677348° E,77.603257° N,Moderate,Poor air quality with low light and dense clouds; staying might be uncomfortable.,1,8.59,249,2024-08-25 00:34:32,2024-08-25 13:09:13,100
True,2024-08-25,09:00:49,9,33.96,59.39,41.81,2273.68,0.0,936,678.31,17.677403° E,77.603330° N,Moderate,Poor air quality with low light and dense clouds; staying might be uncomfortable.,1,8.59,249,2024-08-25 00:34:32,2024-08-25 13:09:13,100
True,2024-08-25,09:00:56,9,33.94,59.44,41.78,2289.75,0.0,936,678.31,17.676946° E,77.601644° N,Moderate,Poor air quality with low light and dense clouds; staying might be uncomfortable.,1,8.59,249,2024-08-25 00:34:32,2024-08-25 13:09:13,100
True,2024-08-25,09:01:02,9,33.95,59.43,41.8,36.19,0.0,936,678.31,17.676937° E,77.601630° N,Moderate,Poor air quality with low light and dense clouds; staying might be uncomfortable.,1,8.59,249,2024-08-25 00:34:32,2024-08-25 13:09:13,100
True,2024-08-25,09:01:07,9,33.95,59.44,41.81,66393.47,6.9,936,678.31,17.676972° E,77.601593° N,Suitable: Best,The location is ideal for camping or staying.,1,8.59,249,2024-08-25 00:34:32,2024-08-25 13:09:13,100
True,2024-08-25,09:01:13,10,33.92,59.45,41.73,77771.22,6.9,936,678.31,17.676939° E,77.601550° N,Suitable: Best,The location is ideal for camping or staying.,1,8.59,249,2024-08-25 00:34:32,2024-08-25 13:09:13,100
True,2024-08-25,09:01:21,10,33.94,59.51,41.81,23798.28,3.55,936,678.31,17.676937° E,77.601532° N,Suitable: Best,The location is ideal for camping or staying.,1,8.59,249,2024-08-25 00:34:32,2024-08-25 13:09:13,100
True,2024-08-25,09:01:27,9,33.95,59.5,41.83,34.17,0.0,936,678.31,17.676947° E,77.601487° N,Moderate,Poor air quality with low light and dense clouds; staying might be uncomfortable.,1,8.59,249,2024-08-25 00:34:32,2024-08-25 13:09:13,100
True,2024-08-25,09:01:33,9,33.96,59.52,41.87,15.05,0.0,936,678.31,17.677002° E,77.601364° N,Moderate,Poor air quality with low light and dense clouds; staying might be uncomfortable.,1,8.59,249,2024-08-25 00:34:32,2024-08-25 13:09:13,100
True,2024-08-25,09:01:38,9,33.97,59.31,41.81,14.05,0.0,936,678.31,17.677046° E,77.601286° N,Moderate,Poor air quality with low light and dense clouds; staying might be uncomfortable.,1,8.59,249,2024-08-25 00:34:32,2024-08-25 13:09:13,100
True,2024-08-25,09:01:44,9,34.0,59.38,41.92,14.05,0.0,937,669.44,17.677071° E,77.601244° N,Moderate,Poor air quality with low light and dense clouds; staying might be uncomfortable.,1,8.59,249,2024-08-25 00:34:32,2024-08-25 13:09:13,100
True,2024-08-25,09:01:49,9,33.96,59.32,41.78,14.05,0.0,937,669.44,17.677058° E,77.601234° N,Moderate,Poor air quality with low light and dense clouds; staying might be uncomfortable.,1,8.59,249,2024-08-25 00:34:32,2024-08-25 13:09:13,100
True,2024-08-25,09:01:55,10,33.97,59.08,41.71,8.02,0.0,937,669.44,17.677053° E,77.601245° N,Moderate,Poor air quality with low light and dense clouds; staying might be uncomfortable.,1,8.59,249,2024-08-25 00:34:32,2024-08-25 13:09:13,100
True,2024-08-25,09:02:01,9,33.93,59.24,41.67,16.06,0.0,936,678.31,17.677064° E,77.601252° N,Moderate,Poor air quality with low light and dense clouds; staying might be uncomfortable.,1,8.59,249,2024-08-25 00:34:32,2024-08-25 13:09:13,100
True,2024-08-25,09:02:06,8,33.94,59.1,41.64,15.05,0.0,936,678.31,17.677104° E,77.601284° N,Moderate,Poor air quality with low light and dense clouds; staying might be uncomfortable.,1,8.59,249,2024-08-25 00:34:32,2024-08-25 13:09:13,100
True,2024-08-25,09:02:12,8,33.93,59.11,41.62,16.06,0.0,937,669.44,17.677095° E,77.601250° N,Moderate,Poor air quality with low light and dense clouds; staying might be uncomfortable.,1,8.59,249,2024-08-25 00:34:32,2024-08-25 13:09:13,100
True,2024-08-25,09:02:18,9,33.93,59.02,41.58,15.05,0.0,936,678.31,17.677038° E,77.601159° N,Moderate,Poor air quality with low light and dense clouds; staying might be uncomfortable.,1,8.59,249,2024-08-25 00:34:32,2024-08-25 13:09:13,100
True,2024-08-25,09:02:23,7,33.92,59.15,41.61,14.05,0.0,936,678.31,17.677016° E,77.601121° N,Moderate,Poor air quality with low light and dense clouds; staying might be uncomfortable.,1,8.59,249,2024-08-25 00:34:32,2024-08-25 13:09:13,100
True,2024-08-25,09:02:30,7,33.83,59.01,41.31,8.02,0.0,936,678.31,17.677019° E,77.601114° N,Moderate,Poor air quality with low light and dense clouds; staying might be uncomfortable.,1,8.59,249,2024-08-25 00:34:32,2024-08-25 13:09:13,100
True,2024-08-25,09:02:36,8,33.81,58.84,41.19,12.04,0.0,936,678.31,17.677041° E,77.601177° N,Moderate,Poor air quality with low light and dense clouds; staying might be uncomfortable.,1,8.59,249,2024-08-25 00:34:32,2024-08-25 13:09:13,100
True,2024-08-25,09:02:42,7,33.73,58.95,41.02,13.04,0.0,937,669.44,17.677021° E,77.601186° N,Moderate,Poor air quality with low light and dense clouds; staying might be uncomfortable.,1,8.59,249,2024-08-25 00:34:32,2024-08-25 13:09:13,100
True,2024-08-25,09:02:48,6,33.68,58.97,40.89,13.04,0.0,936,678.31,17.677046° E,77.601233° N,Moderate,Poor air quality with low light and dense clouds; staying might be uncomfortable.,1,8.59,249,2024-08-25 00:34:32,2024-08-25 13:09:13,100
True,2024-08-25,09:02:54,9,33.68,59.04,40.92,13.04,0.0,936,678.31,17.677089° E,77.601281° N,Moderate,Poor air quality with low light and dense clouds; staying might be uncomfortable.,1,8.91,248,2024-08-25 00:34:32,2024-08-25 13:09:13,100
True,2024-08-25,09:03:00,8,33.65,59.09,40.86,13.04,0.0,937,669.44,17.677109° E,77.601293° N,Moderate,Poor air quality with low light and dense clouds; staying might be uncomfortable.,1,8.59,249,2024-08-25 00:34:32,2024-08-25 13:09:13,100
True,2024-08-25,09:03:11,7,33.62,59.4,40.9,13.04,0.0,937,669.44,17.677124° E,77.601351° N,Moderate,Poor air quality with low light and dense clouds; staying might be uncomfortable.,1,8.59,249,2024-08-25 00:34:32,2024-08-25 13:09:13,100
True,2024-08-25,09:03:16,8,33.58,59.58,40.87,14.05,0.0,937,669.44,17.677112° E,77.601357° N,Moderate,Poor air quality with low light and dense clouds; staying might be uncomfortable.,1,8.59,249,2024-08-25 00:34:32,2024-08-25 13:09:13,100
True,2024-08-25,09:03:28,7,33.56,59.63,40.84,15.05,0.0,937,669.44,17.677113° E,77.601411° N,Moderate,Poor air quality with low light and dense clouds; staying might be uncomfortable.,1,8.59,249,2024-08-25 00:34:32,2024-08-25 13:09:13,100
True,2024-08-25,09:03:34,7,33.56,59.63,40.84,15.05,0.0,937,669.44,17.677136° E,77.601415° N,Moderate,Poor air quality with low light and dense clouds; staying might be uncomfortable.,1,8.59,249,2024-08-25 00:34:32,2024-08-25 13:09:13,100
True,2024-08-25,09:03:40,8,33.54,59.67,40.8,16.06,0.0,937,669.44,17.677147° E,77.601447° N,Moderate,Poor air quality with low light and dense clouds; staying might be uncomfortable.,1,8.59,249,2024-08-25 00:34:32,2024-08-25 13:09:13,100
True,2024-08-25,09:03:46,8,33.52,59.47,40.67,16.06,0.0,937,669.44,17.677141° E,77.601466° N,Moderate,Poor air quality with low light and dense clouds; staying might be uncomfortable.,1,8.59,249,2024-08-25 00:34:32,2024-08-25 13:09:13,100
True,2024-08-25,09:03:52,8,33.5,59.52,40.63,17.06,0.0,936,678.31,17.677137° E,77.601469° N,Moderate,Poor air quality with low light and dense clouds; staying might be uncomfortable.,1,8.59,249,2024-08-25 00:34:32,2024-08-25 13:09:13,100
True,2024-08-25,09:03:58,8,33.46,59.53,40.53,18.07,0.0,936,678.31,17.677148° E,77.601482° N,Moderate,Poor air quality with low light and dense clouds; staying might be uncomfortable.,1,8.59,249,2024-08-25 00:34:32,2024-08-25 13:09:13,100
True,2024-08-25,09:04:03,7,33.47,59.54,40.56,19.07,0.0,936,678.31,17.677150° E,77.601475° N,Moderate,Poor air quality with low light and dense clouds; staying might be uncomfortable.,1,8.59,249,2024-08-25 00:34:32,2024-08-25 13:09:13,100
True,2024-08-25,09:04:09,8,33.42,59.63,40.47,19.07,0.0,937,669.44,17.677143° E,77.601477° N,Moderate,Poor air quality with low light and dense clouds; staying might be uncomfortable.,1,8.59,249,2024-08-25 00:34:32,2024-08-25 13:09:13,100
True,2024-08-25,09:04:15,8,33.43,59.66,40.5,20.08,0.0,937,669.44,17.677134° E,77.601477° N,Moderate,Poor air quality with low light and dense clouds; staying might be uncomfortable.,1,8.59,249,2024-08-25 00:34:32,2024-08-25 13:09:13,100
True,2024-08-25,09:04:21,8,33.44,59.85,40.6,21.08,0.0,936,678.31,17.677116° E,77.601453° N,Moderate,Poor air quality with low light and dense clouds; staying might be uncomfortable.,1,8.59,249,2024-08-25 00:34:32,2024-08-25 13:09:13,100
True,2024-08-25,09:04:27,8,33.41,60.04,40.6,22.09,0.0,937,669.44,17.677143° E,77.601451° N,Moderate,Poor air quality with low light and dense clouds; staying might be uncomfortable.,1,8.59,249,2024-08-25 00:34:32,2024-08-25 13:09:13,100
True,2024-08-25,09:04:33,9,33.33,59.81,40.3,23.1,0.0,937,669.44,17.677142° E,77.601423° N,Moderate,Poor air quality with low light and dense clouds; staying might be uncomfortable.,1,8.59,249,2024-08-25 00:34:32,2024-08-25 13:09:13,100
True,2024-08-25,09:04:39,8,33.38,59.84,40.44,24.1,0.0,937,669.44,17.677128° E,77.601414° N,Moderate,Poor air quality with low light and dense clouds; staying might be uncomfortable.,1,8.59,249,2024-08-25 00:34:32,2024-08-25 13:09:13,100
True,2024-08-25,09:04:46,9,33.35,60.03,40.44,25.11,0.0,937,669.44,17.677121° E,77.601405° N,Moderate,Poor air quality with low light and dense clouds; staying might be uncomfortable.,1,8.59,249,2024-08-25 00:34:32,2024-08-25 13:09:13,100
True,2024-08-25,09:04:52,9,33.32,60.17,40.41,26.11,0.0,937,669.44,17.677116° E,77.601419° N,Moderate,Poor air quality with low light and dense clouds; staying might be uncomfortable.,1,8.59,249,2024-08-25 00:34:32,2024-08-25 13:09:13,100
True,2024-08-25,09:04:58,9,33.35,60.13,40.47,27.12,0.0,936,678.31,17.677112° E,77.601435° N,Moderate,Poor air quality with low light and dense clouds; staying might be uncomfortable.,1,8.59,249,2024-08-25 00:34:32,2024-08-25 13:09:13,100
True,2024-08-25,09:05:04,10,33.3,60.32,40.41,28.13,0.0,936,678.31,17.677096° E,77.601418° N,Moderate,Poor air quality with low light and dense clouds; staying might be uncomfortable.,1,8.59,249,2024-08-25 00:34:32,2024-08-25 13:09:13,100
True,2024-08-25,09:05:10,9,33.31,60.39,40.47,28.13,0.0,936,678.31,17.677053° E,77.601406° N,Moderate,Poor air quality with low light and dense clouds; staying might be uncomfortable.,1,8.59,249,2024-08-25 00:34:32,2024-08-25 13:09:13,100
True,2024-08-25,09:05:16,8,33.27,60.32,40.33,30.14,0.0,936,678.31,17.677029° E,77.601386° N,Moderate,Poor air quality with low light and dense clouds; staying might be uncomfortable.,1,8.59,249,2024-08-25 00:34:32,2024-08-25 13:09:13,100
True,2024-08-25,09:05:22,9,33.28,60.17,40.3,30.14,0.0,936,678.31,17.677015° E,77.601379° N,Moderate,Poor air quality with low light and dense clouds; staying might be uncomfortable.,1,8.59,249,2024-08-25 00:34:32,2024-08-25 13:09:13,100
True,2024-08-25,09:05:34,9,33.27,60.36,40.35,32.16,0.0,936,678.31,17.676999° E,77.601366° N,Moderate,Poor air quality with low light and dense clouds; staying might be uncomfortable.,1,8.59,249,2024-08-25 00:34:32,2024-08-25 13:09:13,100
True,2024-08-25,09:05:39,9,33.24,60.37,40.27,33.16,0.0,936,678.31,17.676977° E,77.601306° N,Moderate,Poor air quality with low light and dense clouds; staying might be uncomfortable.,1,8.59,249,2024-08-25 00:34:32,2024-08-25 13:09:13,100
True,2024-08-25,09:05:47,9,33.24,60.23,40.22,34.17,0.0,936,678.31,17.676966° E,77.601246° N,Moderate,Poor air quality with low light and dense clouds; staying might be uncomfortable.,1,8.59,249,2024-08-25 00:34:32,2024-08-25 13:09:13,100
True,2024-08-25,09:05:52,8,33.25,60.26,40.26,34.17,0.0,937,669.44,17.676969° E,77.601267° N,Moderate,Poor air quality with low light and dense clouds; staying might be uncomfortable.,1,8.59,249,2024-08-25 00:34:32,2024-08-25 13:09:13,100
True,2024-08-25,09:05:58,9,33.2,60.3,40.14,35.18,0.0,937,669.44,17.676992° E,77.601313° N,Moderate,Poor air quality with low light and dense clouds; staying might be uncomfortable.,1,8.59,249,2024-08-25 00:34:32,2024-08-25 13:09:13,100
True,2024-08-25,09:06:04,9,33.19,60.33,40.13,36.19,0.0,936,678.31,17.677010° E,77.601358° N,Moderate,Poor air quality with low light and dense clouds; staying might be uncomfortable.,1,8.59,249,2024-08-25 00:34:32,2024-08-25 13:09:13,100
True,2024-08-25,09:06:10,9,33.22,60.37,40.22,36.19,0.0,937,669.44,17.677015° E,77.601383° N,Moderate,Poor air quality with low light and dense clouds; staying might be uncomfortable.,1,8.59,249,2024-08-25 00:34:32,2024-08-25 13:09:13,100
True,2024-08-25,09:06:15,8,33.16,60.47,40.1,36.19,0.0,937,669.44,17.677014° E,77.601380° N,Moderate,Poor air quality with low light and dense clouds; staying might be uncomfortable.,1,8.59,249,2024-08-25 00:34:32,2024-08-25 13:09:13,100
True,2024-08-25,09:06:21,10,33.18,60.52,40.17,37.2,0.0,937,669.44,17.677014° E,77.601353° N,Moderate,Poor air quality with low light and dense clouds; staying might be uncomfortable.,1,8.59,249,2024-08-25 00:34:32,2024-08-25 13:09:13,100
True,2024-08-25,09:06:26,10,33.19,60.41,40.16,37.2,0.0,936,678.31,17.677029° E,77.601381° N,Moderate,Poor air quality with low light and dense clouds; staying might be uncomfortable.,1,8.59,249,2024-08-25 00:34:32,2024-08-25 13:09:13,100
True,2024-08-25,09:06:33,11,33.18,60.5,40.17,38.2,0.0,936,678.31,17.677028° E,77.601362° N,Moderate,Poor air quality with low light and dense clouds; staying might be uncomfortable.,1,8.59,249,2024-08-25 00:34:32,2024-08-25 13:09:13,100
True,2024-08-25,09:06:39,9,33.22,60.55,40.29,38.2,0.0,937,669.44,17.677018° E,77.601347° N,Moderate,Poor air quality with low light and dense clouds; staying might be uncomfortable.,1,8.59,249,2024-08-25 00:34:32,2024-08-25 13:09:13,100
True,2024-08-25,09:06:45,10,33.19,60.54,40.21,39.21,0.0,937,669.44,17.677019° E,77.601356° N,Moderate,Poor air quality with low light and dense clouds; staying might be uncomfortable.,1,8.59,249,2024-08-25 00:34:32,2024-08-25 13:09:13,100
True,2024-08-25,09:19:36,5,32.29,62.98,38.74,37.2,0.0,936,678.31,17.676267° E,77.601967° N,Moderate,Poor air quality with low light and dense clouds; staying might be uncomfortable.,1,8.91,248,2024-08-25 00:34:32,2024-08-25 13:09:13,100
True,2024-08-25,09:19:43,5,32.3,62.93,38.75,37.2,0.0,936,678.31,17.676267° E,77.601967° N,Moderate,Poor air quality with low light and dense clouds; staying might be uncomfortable.,1,8.91,248,2024-08-25 00:34:32,2024-08-25 13:09:13,100
True,2024-08-25,09:19:49,5,32.29,62.89,38.71,32.16,0.0,936,678.31,17.676267° E,77.601967° N,Moderate,Poor air quality with low light and dense clouds; staying might be uncomfortable.,1,8.91,248,2024-08-25 00:34:32,2024-08-25 13:09:13,100
True,2024-08-25,09:35:31,8,32.03,63.48,38.24,56.38,0.0,936,678.31,17.678215° E,77.605919° N,Moderate,High heat index with moderate humidity; caution is advised.,1,8,252,2024-08-25 00:34:31,2024-08-25 13:09:12,100
True,2024-08-25,09:35:37,8,32.0,63.44,38.15,56.38,0.0,936,678.31,17.678185° E,77.606048° N,Moderate,High heat index with moderate humidity; caution is advised.,1,8,252,2024-08-25 00:34:31,2024-08-25 13:09:12,100
True,2024-08-25,09:35:44,8,31.99,63.42,38.12,55.37,0.0,936,678.31,17.678166° E,77.606174° N,Moderate,High heat index with moderate humidity; caution is advised.,1,8,252,2024-08-25 00:34:31,2024-08-25 13:09:12,100
True,2024-08-25,09:35:49,7,32.07,63.4,38.32,55.37,0.0,936,678.31,17.678166° E,77.606207° N,Moderate,High heat index with moderate humidity; caution is advised.,1,8.15,251,2024-08-25 00:34:31,2024-08-25 13:09:12,100
True,2024-08-25,09:36:01,7,32.08,63.34,38.32,54.36,0.0,935,687.19,17.678142° E,77.606182° N,Moderate,High heat index with moderate humidity; caution is advised.,1,8.15,251,2024-08-25 00:34:31,2024-08-25 13:09:12,100
True,2024-08-25,09:36:07,7,32.11,63.36,38.4,54.36,0.0,936,678.31,17.678133° E,77.606175° N,Moderate,High heat index with moderate humidity; caution is advised.,1,8.15,251,2024-08-25 00:34:31,2024-08-25 13:09:12,100
True,2024-08-25,09:36:13,7,32.1,63.34,38.37,53.35,0.0,936,678.31,17.678130° E,77.606161° N,Moderate,High heat index with moderate humidity; caution is advised.,1,8.15,251,2024-08-25 00:34:31,2024-08-25 13:09:12,100
True,2024-08-25,09:36:19,7,32.13,63.32,38.44,51.33,0.0,936,678.31,17.678126° E,77.606149° N,Moderate,High heat index with moderate humidity; caution is advised.,1,8.15,251,2024-08-25 00:34:31,2024-08-25 13:09:12,100
True,2024-08-25,09:36:25,7,32.18,63.32,38.57,52.34,0.0,936,678.31,17.678125° E,77.606134° N,Moderate,High heat index with moderate humidity; caution is advised.,1,8.15,251,2024-08-25 00:34:31,2024-08-25 13:09:12,100
True,2024-08-25,09:36:31,8,32.15,63.3,38.49,52.34,0.0,936,678.31,17.678123° E,77.606127° N,Moderate,High heat index with moderate humidity; caution is advised.,1,8,252,2024-08-25 00:34:31,2024-08-25 13:09:12,100
True,2024-08-25,09:36:37,8,32.16,63.3,38.51,51.33,0.0,936,678.31,17.678121° E,77.606125° N,Moderate,High heat index with moderate humidity; caution is advised.,1,8,252,2024-08-25 00:34:31,2024-08-25 13:09:12,100
True,2024-08-25,09:36:43,8,32.16,63.28,38.51,51.33,0.0,936,678.31,17.678121° E,77.606123° N,Moderate,High heat index with moderate humidity; caution is advised.,1,8,252,2024-08-25 00:34:31,2024-08-25 13:09:12,100
True,2024-08-25,09:36:49,8,32.19,63.25,38.57,51.33,0.0,936,678.31,17.678126° E,77.606123° N,Moderate,High heat index with moderate humidity; caution is advised.,1,8,252,2024-08-25 00:34:31,2024-08-25 13:09:12,100
True,2024-08-25,09:36:55,8,32.15,63.23,38.46,50.32,0.0,936,678.31,17.678132° E,77.606122° N,Moderate,High heat index with moderate humidity; caution is advised.,1,8,252,2024-08-25 00:34:31,2024-08-25 13:09:12,100
True,2024-08-25,09:37:00,8,32.21,63.23,38.62,50.32,0.0,936,678.31,17.678133° E,77.606123° N,Moderate,High heat index with moderate humidity; caution is advised.,1,8,252,2024-08-25 00:34:31,2024-08-25 13:09:12,100
True,2024-08-25,09:37:07,8,32.24,63.21,38.69,50.32,0.0,936,678.31,17.678132° E,77.606069° N,Moderate,High heat index with moderate humidity; caution is advised.,1,8,252,2024-08-25 00:34:31,2024-08-25 13:09:12,100
True,2024-08-25,09:37:12,8,32.25,63.2,38.71,50.32,0.0,936,678.31,17.678138° E,77.606043° N,Moderate,High heat index with moderate humidity; caution is advised.,1,8,252,2024-08-25 00:34:31,2024-08-25 13:09:12,100
True,2024-08-25,09:37:18,8,32.25,63.19,38.71,49.31,0.0,936,678.31,17.678150° E,77.606081° N,Moderate,High heat index with moderate humidity; caution is advised.,1,8,252,2024-08-25 00:34:31,2024-08-25 13:09:12,100
True,2024-08-25,09:37:23,9,32.26,63.19,38.73,49.31,0.0,936,678.31,17.678159° E,77.606077° N,Moderate,High heat index with moderate humidity; caution is advised.,1,8,252,2024-08-25 00:34:31,2024-08-25 13:09:12,100
True,2024-08-25,09:37:29,9,32.23,63.2,38.66,49.31,0.0,936,678.31,17.678164° E,77.606062° N,Moderate,High heat index with moderate humidity; caution is advised.,1,8,252,2024-08-25 00:34:31,2024-08-25 13:09:12,100
True,2024-08-25,09:37:35,8,32.3,63.18,38.83,49.31,0.0,936,678.31,17.678169° E,77.606045° N,Moderate,High heat index with moderate humidity; caution is advised.,1,8,252,2024-08-25 00:34:31,2024-08-25 13:09:12,100
True,2024-08-25,09:37:41,9,32.28,63.18,38.78,46.28,0.0,936,678.31,17.678177° E,77.606023° N,Moderate,High heat index with moderate humidity; caution is advised.,1,8,252,2024-08-25 00:34:31,2024-08-25 13:09:12,100
True,2024-08-25,09:37:46,9,32.26,63.15,38.72,44.26,0.0,936,678.31,17.678192° E,77.606003° N,Moderate,High heat index with moderate humidity; caution is advised.,1,8,252,2024-08-25 00:34:31,2024-08-25 13:09:12,100
True,2024-08-25,09:37:52,9,32.3,63.13,38.82,43.25,0.0,936,678.31,17.678189° E,77.605999° N,Moderate,High heat index with moderate humidity; caution is advised.,1,8,252,2024-08-25 00:34:31,2024-08-25 13:09:12,100
True,2024-08-25,09:37:58,9,32.35,63.11,38.94,43.25,0.0,936,678.31,17.678191° E,77.605992° N,Moderate,High heat index with moderate humidity; caution is advised.,1,8,252,2024-08-25 00:34:31,2024-08-25 13:09:12,100
True,2024-08-25,09:38:07,8,32.36,63.11,38.96,45.27,0.0,936,678.31,17.678197° E,77.605990° N,Moderate,High heat index with moderate humidity; caution is advised.,1,8,252,2024-08-25 00:34:31,2024-08-25 13:09:12,100
True,2024-08-25,09:38:12,8,32.38,63.09,39.01,47.29,0.0,936,678.31,17.678197° E,77.605987° N,Moderate,High heat index with moderate humidity; caution is advised.,1,8,252,2024-08-25 00:34:31,2024-08-25 13:09:12,100
True,2024-08-25,09:38:18,8,32.4,63.09,39.06,45.27,0.0,936,678.31,17.678197° E,77.605981° N,Moderate,High heat index with moderate humidity; caution is advised.,1,8,252,2024-08-25 00:34:31,2024-08-25 13:09:12,100
True,2024-08-25,09:38:23,8,32.38,63.07,39.0,45.27,0.0,936,678.31,17.678197° E,77.605977° N,Moderate,High heat index with moderate humidity; caution is advised.,1,8,252,2024-08-25 00:34:31,2024-08-25 13:09:12,100
True,2024-08-25,09:38:29,8,32.4,63.1,39.06,44.26,0.0,936,678.31,17.678196° E,77.605973° N,Moderate,High heat index with moderate humidity; caution is advised.,1,8,252,2024-08-25 00:34:31,2024-08-25 13:09:12,100
True,2024-08-25,09:38:35,8,32.42,63.08,39.11,46.28,0.0,936,678.31,17.678192° E,77.605964° N,Moderate,High heat index with moderate humidity; caution is advised.,1,8,252,2024-08-25 00:34:31,2024-08-25 13:09:12,100
False,2024-08-25,09:38:40,8,32.43,63.09,39.14,46.28,0.0,936,678.31,17.678193° E,77.605961° N,Moderate,High heat index with moderate humidity; caution is advised.,,,,,,
True,2024-08-25,09:38:55,8,32.42,63.06,39.1,42.24,0.0,936,678.31,17.678185° E,77.605958° N,Moderate,High heat index with moderate humidity; caution is advised.,1,8,252,2024-08-25 00:34:31,2024-08-25 13:09:12,100
                                                                                                                                                                                                                        True,2024-08-25,10:09:50,6,29.8,64.98,33.45,32.16,0.0,936,678.31,17.678283° E,77.605817° N,Leave Immediately,Heavy clouds with low pressure. Severe storm imminent.,1,8.15,251,2024-08-25 00:34:31,2024-08-25 13:09:12,100
True,2024-08-25,10:09:58,6,29.77,64.96,33.38,31.15,0.0,936,678.31,17.678239° E,77.605675° N,Leave Immediately,Heavy clouds with low pressure. Severe storm imminent.,1,8.15,251,2024-08-25 00:34:31,2024-08-25 13:09:12,100
True,2024-08-25,10:10:04,7,29.82,64.96,33.49,31.15,0.0,936,678.31,17.678234° E,77.605734° N,Leave Immediately,Heavy clouds with low pressure. Severe storm imminent.,1,8.15,251,2024-08-25 00:34:31,2024-08-25 13:09:12,100
True,2024-08-25,10:10:13,7,29.79,65.02,33.44,28.13,0.0,936,678.31,17.678184° E,77.605752° N,Leave Immediately,Heavy clouds with low pressure. Severe storm imminent.,1,8.15,251,2024-08-25 00:34:31,2024-08-25 13:09:12,100
True,2024-08-25,10:10:19,7,29.82,65.2,33.54,28.13,0.0,936,678.31,17.676114° E,77.605034° N,Leave Immediately,Heavy clouds with low pressure. Severe storm imminent.,1,8.15,251,2024-08-25 00:34:31,2024-08-25 13:09:12,100
True,2024-08-25,10:10:25,7,29.86,65.22,33.63,28.13,0.0,936,678.31,17.676106° E,77.605038° N,Leave Immediately,Heavy clouds with low pressure. Severe storm imminent.,1,8.15,251,2024-08-25 00:34:31,2024-08-25 13:09:12,100
True,2024-08-25,10:10:31,7,29.87,65.22,33.65,28.13,0.0,936,678.31,17.676112° E,77.605009° N,Leave Immediately,Heavy clouds with low pressure. Severe storm imminent.,1,8.15,251,2024-08-25 00:34:31,2024-08-25 13:09:12,100
True,2024-08-25,10:10:37,7,29.83,65.18,33.56,28.13,0.0,936,678.31,17.676109° E,77.604998° N,Leave Immediately,Heavy clouds with low pressure. Severe storm imminent.,1,8.15,251,2024-08-25 00:34:31,2024-08-25 13:09:12,100
True,2024-08-25,10:10:43,7,29.87,65.17,33.64,28.13,0.0,936,678.31,17.676092° E,77.604944° N,Leave Immediately,Heavy clouds with low pressure. Severe storm imminent.,1,8.15,251,2024-08-25 00:34:31,2024-08-25 13:09:12,100
True,2024-08-25,10:10:51,7,29.87,65.16,33.64,28.13,0.0,936,678.31,17.676105° E,77.604878° N,Leave Immediately,Heavy clouds with low pressure. Severe storm imminent.,1,8.15,251,2024-08-25 00:34:31,2024-08-25 13:09:12,100
True,2024-08-25,10:10:57,7,29.89,65.29,33.71,28.13,0.0,936,678.31,17.676100° E,77.604863° N,Leave Immediately,Heavy clouds with low pressure. Severe storm imminent.,1,8.15,251,2024-08-25 00:34:31,2024-08-25 13:09:12,100
True,2024-08-25,10:11:03,7,29.91,65.26,33.75,28.13,0.0,936,678.31,17.676094° E,77.604866° N,Leave Immediately,Heavy clouds with low pressure. Severe storm imminent.,1,8.15,251,2024-08-25 00:34:31,2024-08-25 13:09:12,100
True,2024-08-25,10:11:09,7,29.87,65.32,33.67,29.14,0.0,936,678.31,17.676091° E,77.604872° N,Leave Immediately,Heavy clouds with low pressure. Severe storm imminent.,1,8.15,251,2024-08-25 00:34:31,2024-08-25 13:09:12,100
True,2024-08-25,10:11:15,7,29.89,65.3,33.71,29.14,0.0,936,678.31,17.676089° E,77.604875° N,Leave Immediately,Heavy clouds with low pressure. Severe storm imminent.,1,8.15,251,2024-08-25 00:34:31,2024-08-25 13:09:12,100
True,2024-08-25,10:11:21,7,29.94,65.34,33.83,28.13,0.0,936,678.31,17.676096° E,77.604875° N,Leave Immediately,Heavy clouds with low pressure. Severe storm imminent.,1,8.15,251,2024-08-25 00:34:31,2024-08-25 13:09:12,100
True,2024-08-25,10:11:27,6,29.93,65.39,33.82,28.13,0.0,936,678.31,17.676103° E,77.604873° N,Leave Immediately,Heavy clouds with low pressure. Severe storm imminent.,1,8.15,251,2024-08-25 00:34:31,2024-08-25 13:09:12,100
True,2024-08-25,10:11:33,6,29.95,65.41,33.86,28.13,0.0,935,687.19,17.676108° E,77.604880° N,Leave Immediately,Heavy clouds with low pressure. Severe storm imminent.,1,8.15,251,2024-08-25 00:34:31,2024-08-25 13:09:12,100
True,2024-08-25,10:11:39,6,29.93,65.41,33.82,28.13,0.0,936,678.31,17.676111° E,77.604883° N,Leave Immediately,Heavy clouds with low pressure. Severe storm imminent.,1,8.15,251,2024-08-25 00:34:31,2024-08-25 13:09:12,100
True,2024-08-25,10:11:45,6,29.93,65.4,33.82,28.13,0.0,936,678.31,17.676112° E,77.604889° N,Leave Immediately,Heavy clouds with low pressure. Severe storm imminent.,1,8.15,251,2024-08-25 00:34:31,2024-08-25 13:09:12,100
True,2024-08-25,10:12:07,7,29.98,65.45,33.94,27.12,0.0,935,687.19,17.676132° E,77.604876° N,Leave Immediately,Heavy clouds with low pressure. Severe storm imminent.,1,8.15,251,2024-08-25 00:34:31,2024-08-25 13:09:12,100
True,2024-08-25,10:12:13,7,29.95,65.46,33.88,27.12,0.0,936,678.31,17.676124° E,77.604848° N,Leave Immediately,Heavy clouds with low pressure. Severe storm imminent.,1,8.15,251,2024-08-25 00:34:31,2024-08-25 13:09:12,100
True,2024-08-25,10:12:18,6,30.01,65.49,34.01,26.11,0.0,935,687.19,17.676127° E,77.604827° N,Leave Immediately,Heavy clouds with low pressure. Severe storm imminent.,1,8.15,251,2024-08-25 00:34:31,2024-08-25 13:09:12,100
True,2024-08-25,10:12:24,6,29.98,65.47,33.94,27.12,0.0,936,678.31,17.676138° E,77.604794° N,Leave Immediately,Heavy clouds with low pressure. Severe storm imminent.,1,8.15,251,2024-08-25 00:34:31,2024-08-25 13:09:12,100
True,2024-08-25,10:12:31,6,30.0,65.53,34.0,27.12,0.0,936,678.31,17.676157° E,77.604764° N,Leave Immediately,Heavy clouds with low pressure. Severe storm imminent.,1,8.15,251,2024-08-25 00:34:31,2024-08-25 13:09:12,100
True,2024-08-25,10:12:36,6,30.03,65.56,34.07,27.12,0.0,936,678.31,17.676153° E,77.604751° N,Leave Immediately,Heavy clouds with low pressure. Severe storm imminent.,1,8.15,251,2024-08-25 00:34:31,2024-08-25 13:09:12,100
True,2024-08-25,10:12:42,6,30.06,65.6,34.15,27.12,0.0,936,678.31,17.676165° E,77.604741° N,Leave Immediately,Heavy clouds with low pressure. Severe storm imminent.,1,8.15,251,2024-08-25 00:34:31,2024-08-25 13:09:12,100
True,2024-08-25,10:12:48,6,30.06,65.64,34.16,26.11,0.0,935,678.31,17.676162° E,77.604718° N,Leave Immediately,Heavy clouds with low pressure. Severe storm imminent.,1,8.15,251,2024-08-25 00:34:31,2024-08-25 13:09:12,100
True,2024-08-25,10:12:54,6,30.07,65.61,34.17,27.12,0.0,936,678.31,17.676136° E,77.604729° N,Leave Immediately,Heavy clouds with low pressure. Severe storm imminent.,1,8.15,251,2024-08-25 00:34:31,2024-08-25 13:09:12,100
True,2024-08-25,10:13:00,6,30.06,65.56,34.14,28.13,0.0,936,678.31,17.676123° E,77.604726° N,Leave Immediately,Heavy clouds with low pressure. Severe storm imminent.,1,8.15,251,2024-08-25 00:34:31,2024-08-25 13:09:12,100
True,2024-08-25,10:13:06,6,30.08,65.58,34.19,28.13,0.0,936,678.31,17.676118° E,77.604724° N,Leave Immediately,Heavy clouds with low pressure. Severe storm imminent.,1,8.15,251,2024-08-25 00:34:31,2024-08-25 13:09:12,100
True,2024-08-25,10:13:12,6,30.11,65.62,34.26,28.13,0.0,936,678.31,17.676105° E,77.604743° N,Leave Immediately,Heavy clouds with low pressure. Severe storm imminent.,1,8.15,251,2024-08-25 00:34:31,2024-08-25 13:09:12,100
True,2024-08-25,10:13:18,6,30.1,65.58,34.23,28.13,0.0,936,678.31,17.676107° E,77.604760° N,Leave Immediately,Heavy clouds with low pressure. Severe storm imminent.,1,8.15,251,2024-08-25 00:34:31,2024-08-25 13:09:12,100
True,2024-08-25,10:13:24,6,30.12,65.63,34.29,29.14,0.0,935,687.19,17.676074° E,77.604714° N,Leave Immediately,Heavy clouds with low pressure. Severe storm imminent.,1,8.15,251,2024-08-25 00:34:31,2024-08-25 13:09:12,100
True,2024-08-25,10:13:30,6,30.19,65.65,34.45,29.14,0.0,935,687.19,17.676038° E,77.604662° N,Leave Immediately,Heavy clouds with low pressure. Severe storm imminent.,1,8.15,251,2024-08-25 00:34:31,2024-08-25 13:09:12,100
True,2024-08-25,10:13:37,7,30.19,65.64,34.44,29.14,0.0,935,687.19,17.676039° E,77.604576° N,Leave Immediately,Heavy clouds with low pressure. Severe storm imminent.,1,8.15,251,2024-08-25 00:34:31,2024-08-25 13:09:12,100
True,2024-08-25,10:13:43,7,30.18,65.64,34.42,28.13,0.0,935,687.19,17.676060° E,77.604506° N,Leave Immediately,Heavy clouds with low pressure. Severe storm imminent.,1,8.15,251,2024-08-25 00:34:31,2024-08-25 13:09:12,100
True,2024-08-25,10:13:49,7,30.18,65.64,34.42,29.14,0.0,936,687.19,17.676058° E,77.604426° N,Leave Immediately,Heavy clouds with low pressure. Severe storm imminent.,1,8.15,251,2024-08-25 00:34:31,2024-08-25 13:09:12,100
True,2024-08-25,10:13:55,7,30.21,65.63,34.49,29.14,0.0,935,687.19,17.676019° E,77.604387° N,Leave Immediately,Heavy clouds with low pressure. Severe storm imminent.,1,8.15,251,2024-08-25 00:34:31,2024-08-25 13:09:12,100
True,2024-08-25,10:14:01,7,30.19,65.64,34.44,29.14,0.0,935,687.19,17.676046° E,77.604463° N,Leave Immediately,Heavy clouds with low pressure. Severe storm imminent.,1,8.15,251,2024-08-25 00:34:31,2024-08-25 13:09:12,100
True,2024-08-25,10:14:07,9,30.2,65.63,34.47,30.14,0.0,935,687.19,17.678081° E,77.605659° N,Leave Immediately,Heavy clouds with low pressure. Severe storm imminent.,1,8.15,251,2024-08-25 00:34:31,2024-08-25 13:09:12,100
True,2024-08-25,10:14:13,9,30.22,65.63,34.51,29.14,0.0,935,687.19,17.678055° E,77.605719° N,Leave Immediately,Heavy clouds with low pressure. Severe storm imminent.,1,8.15,251,2024-08-25 00:34:31,2024-08-25 13:09:12,100
True,2024-08-25,10:14:19,9,30.25,65.61,34.57,30.14,0.0,936,678.31,17.678066° E,77.605716° N,Leave Immediately,Heavy clouds with low pressure. Severe storm imminent.,1,8.15,251,2024-08-25 00:34:31,2024-08-25 13:09:12,100
True,2024-08-25,10:14:25,9,30.24,65.62,34.55,30.14,0.0,935,687.19,17.678053° E,77.605821° N,Leave Immediately,Heavy clouds with low pressure. Severe storm imminent.,1,8.15,251,2024-08-25 00:34:31,2024-08-25 13:09:12,100
True,2024-08-25,10:17:05,6,30.48,65.48,35.06,42.24,0.0,936,678.31,17.678161° E,77.604861° N,Leave Immediately,Heavy clouds with low pressure. Severe storm imminent.,1,8.15,251,2024-08-25 00:34:31,2024-08-25 13:09:12,100
True,2024-08-25,10:17:11,6,30.52,65.47,35.15,41.23,0.0,935,687.19,17.678225° E,77.604930° N,Leave Immediately,Heavy clouds with low pressure. Severe storm imminent.,1,8.15,251,2024-08-25 00:34:31,2024-08-25 13:09:12,100
True,2024-08-25,10:47:22,28,33.77,56.25,40.08,3251.58,9.44,935,687.19,17.678188° E,77.605933° N,Leave Immediately,Heavy clouds with low pressure. Severe storm imminent.,1,7.46,253,2024-08-25 00:34:31,2024-08-25 13:09:12,100
True,2024-08-25,10:47:29,28,33.74,55.47,39.72,2964.35,10.84,935,687.19,17.678191° E,77.605936° N,Leave Immediately,Heavy clouds with low pressure. Severe storm imminent.,1,7.46,253,2024-08-25 00:34:31,2024-08-25 13:09:12,100
False,2024-08-25,10:47:35,28,33.8,55.58,39.91,2959.25,15.71,934,696.08,17.678193° E,77.605937° N,Leave Immediately,Extreme UV radiation. Risk of severe sunburn.,,,,,,
False,2024-08-25,10:47:50,29,33.86,56.22,40.3,3263.18,15.71,934,696.08,17.678198° E,77.605937° N,Leave Immediately,Extreme UV radiation. Risk of severe sunburn.,,,,,,
True,2024-08-25,10:48:15,29,33.95,56.05,40.46,4120.71,10.06,934,696.08,17.678201° E,77.605938° N,Leave Immediately,Heavy clouds with low pressure. Severe storm imminent.,1,7.46,253,2024-08-25 00:34:31,2024-08-25 13:09:12,100
False,2024-08-25,10:48:27,29,34.01,55.98,40.58,3225.8,15.71,934,696.08,17.678202° E,77.605938° N,Leave Immediately,Extreme UV radiation. Risk of severe sunburn.,,,,,,
True,2024-08-25,10:48:52,29,34.1,55.58,40.65,4074.28,9.34,934,696.08,17.678204° E,77.605939° N,Leave Immediately,Heavy clouds with low pressure. Severe storm imminent.,1,7.46,253,2024-08-25 00:34:31,2024-08-25 13:09:12,100
True,2024-08-25,10:49:08,29,34.21,55.13,40.76,3146.06,15.71,934,696.08,17.678205° E,77.605938° N,Leave Immediately,Extreme UV radiation. Risk of severe sunburn.,1,7.46,253,2024-08-25 00:34:31,2024-08-25 13:09:12,100
True,2024-08-25,10:49:29,26,34.3,55.49,41.13,135.75,0.0,934,696.08,17.678183° E,77.605984° N,Leave Immediately,Heavy clouds with low pressure. Severe storm imminent.,1,7.46,253,2024-08-25 00:34:31,2024-08-25 13:09:12,100
True,2024-08-25,10:49:35,27,34.35,55.57,41.29,156.25,0.0,934,696.08,17.678182° E,77.605985° N,Leave Immediately,Heavy clouds with low pressure. Severe storm imminent.,1,7.46,253,2024-08-25 00:34:31,2024-08-25 13:09:12,100
True,2024-08-25,10:51:23,22,34.29,55.48,41.1,2126.02,9.96,934,696.08,17.678222° E,77.605940° N,Leave Immediately,Heavy clouds with low pressure. Severe storm imminent.,1,7.46,253,2024-08-25 00:34:31,2024-08-25 13:09:12,100
True,2024-08-25,10:51:29,25,34.36,55.54,41.3,2126.02,15.71,934,696.08,17.678234° E,77.605943° N,Leave Immediately,Extreme UV radiation. Risk of severe sunburn.,1,7.46,253,2024-08-25 00:34:31,2024-08-25 13:09:12,100
True,2024-08-25,10:51:35,26,34.34,55.24,41.13,2126.02,4.35,935,687.19,17.678235° E,77.605945° N,Leave Immediately,Heavy clouds with low pressure. Severe storm imminent.,1,7.46,253,2024-08-25 00:34:31,2024-08-25 13:09:12,100
True,2024-08-25,10:51:46,27,34.36,55.24,41.18,2126.02,6.35,935,687.19,17.678244° E,77.605953° N,Leave Immediately,Heavy clouds with low pressure. Severe storm imminent.,1,7.49,253,2024-08-25 00:34:31,2024-08-25 13:09:12,100
True,2024-08-25,10:52:08,29,34.37,54.31,40.83,2126.02,10.15,934,696.08,17.678263° E,77.605967° N,Leave Immediately,Heavy clouds with low pressure. Severe storm imminent.,1,7.49,253,2024-08-25 00:34:31,2024-08-25 13:09:12,100
True,2024-08-25,10:52:14,29,34.37,54.4,40.87,2126.02,9.04,935,687.19,17.678266° E,77.605970° N,Leave Immediately,Heavy clouds with low pressure. Severe storm imminent.,1,7.49,253,2024-08-25 00:34:31,2024-08-25 13:09:12,100
True,2024-08-25,10:52:20,26,34.4,54.79,41.1,2126.02,12.31,935,687.19,17.678270° E,77.605971° N,Leave Immediately,Extreme UV radiation. Risk of severe sunburn.,1,7.49,253,2024-08-25 00:34:31,2024-08-25 13:09:12,100
True,2024-08-25,11:02:29,7,33.25,59.58,40.01,14.05,0.0,935,687.19,17.680076° E,77.605315° N,Leave Immediately,Heavy clouds with low pressure. Severe storm imminent.,1,7.49,253,2024-08-25 00:34:31,2024-08-25 13:09:12,100
True,2024-08-25,11:02:36,9,33.22,59.63,39.95,14.05,0.0,935,687.19,17.679787° E,77.605505° N,Leave Immediately,Heavy clouds with low pressure. Severe storm imminent.,1,7.49,253,2024-08-25 00:34:31,2024-08-25 13:09:12,100
True,2024-08-25,11:02:42,9,33.23,59.68,39.99,14.05,0.0,935,687.19,17.679611° E,77.605522° N,Leave Immediately,Heavy clouds with low pressure. Severe storm imminent.,1,7.49,253,2024-08-25 00:34:31,2024-08-25 13:09:12,100
True,2024-08-25,11:02:48,8,33.24,59.66,40.01,14.05,0.0,935,687.19,17.679474° E,77.605524° N,Leave Immediately,Heavy clouds with low pressure. Severe storm imminent.,1,7.49,253,2024-08-25 00:34:31,2024-08-25 13:09:12,100
False,2024-08-25,11:02:54,8,33.28,59.71,40.13,13.04,0.0,935,687.19,17.679371° E,77.605516° N,Suitable: Excellent Air Quality,Excellent air quality. Perfect for outdoor activities.,1,0,0,,,0
False,2024-08-25,11:03:14,7,33.25,59.84,40.1,14.05,0.0,935,687.19,17.678983° E,77.605506° N,Suitable: Excellent Air Quality,Excellent air quality. Perfect for outdoor activities.,1,0,0,,,0
False,2024-08-25,11:03:19,7,33.22,59.87,40.04,13.04,0.0,935,687.19,17.678905° E,77.605470° N,Suitable: Excellent Air Quality,Excellent air quality. Perfect for outdoor activities.,1,0,0,,,0
False,2024-08-25,11:03:25,7,33.22,59.87,40.04,14.05,0.0,935,687.19,17.678829° E,77.605455° N,Suitable: Excellent Air Quality,Excellent air quality. Perfect for outdoor activities.,1,0,0,,,0
False,2024-08-25,11:03:30,7,33.27,59.86,40.16,14.05,0.0,935,687.19,17.678836° E,77.605468° N,Suitable: Excellent Air Quality,Excellent air quality. Perfect for outdoor activities.,1,0,0,,,0
False,2024-08-25,11:03:35,7,33.25,59.87,40.11,14.05,0.0,935,687.19,17.678852° E,77.605473° N,Suitable: Excellent Air Quality,Excellent air quality. Perfect for outdoor activities.,1,0,0,,,0
True,2024-08-25,11:16:13,10,33.2,61.12,40.45,2244.05,2.67,935,687.19,17.678309° E,77.604849° N,Leave Immediately,Heavy clouds with low pressure. Severe storm imminent.,1,7.46,253,2024-08-25 00:34:31,2024-08-25 13:09:12,100
True,2024-08-25,11:16:20,19,33.2,61.73,40.69,1915.23,0.0,935,687.19,17.678326° E,77.605017° N,Leave Immediately,Heavy clouds with low pressure. Severe storm imminent.,1,7.49,253,2024-08-25 00:34:31,2024-08-25 13:09:12,100
True,2024-08-25,11:16:31,19,33.18,61.31,40.47,1293.51,0.0,935,687.19,17.678372° E,77.605059° N,Leave Immediately,Heavy clouds with low pressure. Severe storm imminent.,1,7.49,253,2024-08-25 00:34:31,2024-08-25 13:09:12,100
True,2024-08-25,11:16:37,19,33.17,61.5,40.52,1367.99,0.0,935,687.19,17.678407° E,77.605054° N,Leave Immediately,Heavy clouds with low pressure. Severe storm imminent.,1,7.49,253,2024-08-25 00:34:31,2024-08-25 13:09:12,100
True,2024-08-25,11:16:43,20,33.19,61.62,40.62,1288.87,0.0,935,687.19,17.678457° E,77.605042° N,Leave Immediately,Heavy clouds with low pressure. Severe storm imminent.,1,7.49,253,2024-08-25 00:34:31,2024-08-25 13:09:12,100
False,2024-08-25,11:16:49,21,33.21,61.8,40.74,1239.09,0.0,935,687.19,17.678475° E,77.605041° N,Suitable: Best,The location is ideal for camping or staying.,,,,,,
False,2024-08-25,11:17:09,23,33.19,61.16,40.44,1226.39,0.0,935,687.19,17.678456° E,77.605059° N,Suitable: Best,The location is ideal for camping or staying.,,,,,,
False,2024-08-25,11:17:14,25,33.19,61.16,40.44,1745.37,0.0,935,687.19,17.678446° E,77.605064° N,Suitable: Best,The location is ideal for camping or staying.,,,,,,
False,2024-08-25,11:17:19,25,33.19,61.23,40.47,129.61,0.0,935,687.19,17.678422° E,77.605067° N,Suitable: Best,The location is ideal for camping or staying.,,,,,,
False,2024-08-25,11:17:24,25,33.21,59.94,40.04,10.03,0.0,935,687.19,17.678415° E,77.605064° N,Suitable: Best,The location is ideal for camping or staying.,,,,,,
False,2024-08-25,11:17:30,15,33.15,58.89,39.5,139.84,0.0,935,687.19,17.678352° E,77.605059° N,Suitable: Best,The location is ideal for camping or staying.,,,,,,
False,2024-08-25,11:17:35,11,33.19,59.36,39.77,132.68,0.0,935,687.19,17.678322° E,77.605062° N,Suitable: Best,The location is ideal for camping or staying.,,,,,,
False,2024-08-25,11:17:40,9,33.17,60.04,39.97,114.29,0.0,935,687.19,17.678313° E,77.605028° N,Moderate,High heat index with moderate humidity; caution is advised.,,,,,,
False,2024-08-25,11:17:45,5,33.16,60.44,40.09,112.25,0.0,935,687.19,17.678623° E,77.605035° N,Suitable: Best,The location is ideal for camping or staying.,,,,,,
False,2024-08-25,11:17:50,5,33.14,60.68,40.13,112.25,0.0,935,687.19,17.678782° E,77.605069° N,Suitable: Best,The location is ideal for camping or staying.,,,,,,
False,2024-08-25,11:17:55,5,33.18,60.87,40.3,113.27,0.0,935,687.19,17.679048° E,77.605125° N,Suitable: Best,The location is ideal for camping or staying.,,,,,,
False,2024-08-25,11:18:00,6,33.17,61.01,40.33,113.27,0.0,935,687.19,17.679350° E,77.605172° N,Suitable: Best,The location is ideal for camping or staying.,,,,,,
False,2024-08-25,11:18:06,5,33.17,61.15,40.38,114.29,0.0,935,687.19,17.679537° E,77.605192° N,Suitable: Best,The location is ideal for camping or staying.,,,,,,
False,2024-08-25,11:18:11,5,33.14,61.2,40.32,114.29,0.0,935,687.19,17.679508° E,77.605179° N,Suitable: Best,The location is ideal for camping or staying.,,,,,,
False,2024-08-25,11:18:16,5,33.18,61.22,40.44,114.29,0.0,935,687.19,17.679611° E,77.605200° N,Suitable: Best,The location is ideal for camping or staying.,,,,,,
False,2024-08-25,11:18:21,5,33.11,61.26,40.27,114.29,0.0,935,687.19,17.679569° E,77.605224° N,Suitable: Best,The location is ideal for camping or staying.,,,,,,
False,2024-08-25,11:18:26,5,33.11,61.26,40.27,115.31,0.0,935,687.19,17.679673° E,77.605244° N,Suitable: Best,The location is ideal for camping or staying.,,,,,,
False,2024-08-25,11:18:31,5,33.17,61.19,40.4,115.31,0.0,935,687.19,17.679667° E,77.605257° N,Suitable: Best,The location is ideal for camping or staying.,,,,,,
False,2024-08-25,11:18:36,5,33.16,61.21,40.38,115.31,0.0,935,687.19,17.679790° E,77.605248° N,Suitable: Best,The location is ideal for camping or staying.,,,,,,
False,2024-08-25,11:18:41,5,33.18,61.22,40.44,114.29,0.0,935,687.19,17.679877° E,77.605251° N,Suitable: Best,The location is ideal for camping or staying.,,,,,,
False,2024-08-25,11:18:46,4,33.16,61.16,40.36,114.29,0.0,935,687.19,17.679919° E,77.605258° N,Suitable: Best,The location is ideal for camping or staying.,,,,,,
                                                                                                                                                                                                                                                                                                                                                                                                    